"oid", "name", "<manufacturer>", "<relatedMeanOfTransportation>"
"0", "<GM_L_platform>", "<General_Motors>", "<GM_N_platform>"
"1", "<Peugeot_Pars>", "<Iran_Khodro>", "<Peugeot_406>"
"2", "<Chevrolet_HHR>", "<General_Motors>", "<Pontiac_G5>"
"3", "<Oldsmobile_Starfire__Second_generation__1>", "<General_Motors>", "<Pontiac_Astre>"
"4", "<Dodge_Spirit>", "<General_Motors>", "<Dodge_Shadow>"
"5", "<Turbo-Hydramatic_125>", "<General_Motors>", "<Turbo-Hydramatic>"
"6", "<Nissan_Serena>", "<Nissan_Motor_Company>", "<LDV_Cub>"
"7", "<Plymouth_Breeze>", "<Daimler_AG>", "<Dodge_Stratus>"
"8", "<SEAT_Córdoba>", "<General_Motors>", "<Volkswagen_Polo>"
"9", "<Toyota_Innova>", "<Toyota>", "<Toyota_Fortuner>"
"10", "<Lancia_Musa>", "<Lancia>", "<Lancia_Ypsilon>"
"11", "<Peugeot_1007>", "<Peugeot>", "<Peugeot_206>"
"12", "<SEAT_128>", "<SEAT>", "<Fiat_128>"
"13", "<Hummer_H3>", "<General_Motors>", "<Isuzu_i-Series>"
"14", "<Pontiac_6000>", "<General_Motors>", "<Buick_Century>"
"15", "<Vauxhall_Carlton>", "<Opel>", "<Holden_VC_Commodore>"
"16", "<Honda_Logo>", "<Honda>", "<Honda_Capa>"
"17", "<Acura_RDX>", "<Honda>", "<Honda_CR-V>"
"18", "<Fiat_147>", "<Fiat>", "<Fiat_Oggi>"
"19", "<Honda_Civic_GTi>", "<Honda>", "<Honda_Civic_Si>"
"20", "<Freetrack>", "<SEAT>", "<SEAT_León>"
"21", "<Opel_Antara>", "<Opel>", "<Chevrolet_Captiva>"
"22", "<Fiat_Albea>", "<General_Motors>", "<Fiat_Doblò>"
"23", "<Perodua_Myvi>", "<Perodua>", "<Daihatsu_Boon>"
"24", "<Oldsmobile_Firenza>", "<Ge*eral**otors>", "<Pontiac_Sunbird>"
"25", "<Porsche_911_classic>", "<Porsche>", "<Porsche_930>"
"26", "<Alfa_Romeo_Navajo>", "<Alfa_Romeo>", "<Alfa_Romeo_33.2>"
"27", "<Turbo-Hydramatic>", "<General_Motors>", "<Turbo-Hydramatic_425>"
"28", "<Edsel_Villager>", "<Ford_Motor_Company>", "<Edsel_Ranger>"
"29", "<Simca_Vedette>", "<Simca>", "<Simca_Esplanada>"
"30", "<Mazda6__Mazdaspeed6__1>", "<Mazda>", "<Mazda_CX-9>"
"31", "<Maruti_Eeco>", "<Maruti_Suzuki>", "<Suzuki_Carry>"
"32", "<Hummer_H2>", "<AM_General>", "<Hummer_H1>"
"33", "<Fiat_124>", "<Fiat>", "<Lada_Riva>"
"34", "<Nissan_370Z>", "<Nissan_Motor_Company>", "<Infiniti_FX>"
"35", "<Toyota_Ipsum>", "<Toyota>", "<Toyota_Avensis>"
"36", "<Oldsmobile_Intrigue>", "<General_Motors>", "<Chevrolet_Monte_Carlo>"
"37", "<Honda_Capa>", "<Honda>", "<Honda_Logo>"
"38", "<Saab_900__NG__1>", "<General_Motors>", "<Vauxhall_Cavalier>"
"39", "<Nissan_Teana__J32__1>", "<Nissan_Motor_Company>", "<Nissan_Maxima>"
"40", "<Aston_Martin_DBS_V12>", "<Aston_Martin>", "<Aston_Martin_DB9>"
"41", "<Perodua_Viva>", "<General_Motors>", "<Perodua_Myvi>"
"42", "<Pontiac_Aztek>", "<General_Motors>", "<Buick_Rendezvous>"
"43", "<Volkswagen_Touran>", "<Volkswagen>", "<Volkswagen_Caddy>"
"44", "<Peugeot_Pars__16V__1>", "<Iran_Khodro>", "<Citroën_Xantia>"
"45", "<Renault_Samsung_SM7>", "<Renault_Samsung_Motors>", "<Nissan_Teana>"
"46", "<Dacia_Sandero>", "<Automobile_Dacia>", "<Nissan_Note>"
"47", "<Moskvitch_2140>", "<AZLK>", "<Izh_Comby>"
"48", "<Mitsubishi_Racing_Lancer>", "<Mitsubishi_Motors>", "<Mitsubishi_Lancer>"
"49", "<Hyundai_Genesis>", "<Hyundai_Motor_Company>", "<Hyundai_Equus>"
"50", "<Honda_Civic_Hybrid>", "<Honda>", "<Honda_Civic>"
"51", "<Holden_VE_Commodore>", "<Holden>", "<Holden_WM_Caprice>"
"52", "<Volkswagen_Routan>", "<Chrysler>", "<_Country>"
"53", "<Lancia_Thema>", "<Lancia>", "<Alfa_Romeo_164>"
"54", "<GAZ-51>", "<GAZ>", "<GAZ-63>"
"55", "<GAZ-63>", "<GAZ>", "<BTR-40>"
"56", "<Isuzu_D-Max>", "<General_Motors>", "<Isuzu_i-Series>"
"57", "<Saturn_Relay>", "<**neral_Moto*s>", "<Pontiac_Aztek>"
"58", "<Subaru_Justy>", "<Subaru>", "<Suzuki_Swift>"
"59", "<Perodua_Alza>", "<Perodua>", "<Daihatsu_Boon>"
"60", "<Maserati_Merak>", "<General_Motors>", "<Citroën_SM>"
"61", "<Alfa_Romeo_Sprint>", "<Alfa_Romeo>", "<Alfa_Romeo_33>"
"62", "<AMC_Hornet>", "<American_Motors>", "<AMC_Gremlin>"
"63", "<Cadillac_STS-V>", "<Cadillac>", "<Cadillac_CTS-V>"
"64", "<Kia_Venga>", "<Kia_Motors>", "<Hyundai_i20>"
"65", "<Humber_Super_Snipe>", "<General_Motors>", "<Humber_Hawk>"
"66", "<Ford_Telstar>", "<Ford_Motor_Company>", "<Mazda_Capella>"
"67", "<Jeep_Patriot>", "<Chrysler>", "<Mitsubishi_Outlander>"
"68", "<Buick_Somerset>", "<Ge**ra*_Motors>", "<Pontiac_Grand_Am>"
"69", "<Dacia_Logan>", "<General_Motors>", "<Nissan_Cube>"
"70", "<BMW_501__BMW_502__1>", "<General_Motors>", "<BMW_3200_CS>"
"71", "<SsangYong_Rexton>", "<SsangYong_Motor_Company>", "<Mercedes-Benz_M-Class>"
"72", "<Chevrolet_Agile>", "<Chevrolet>", "<Chevrolet_Celta>"
"73", "<Willys-Overland_Jeepster>", "<Willys>", "<Willys_Jeep_Truck>"
"74", "<Nissan_Be-1>", "<Nissan_Motor_Company>", "<Nissan_Figaro>"
"75", "<Delahaye_135>", "<Delahaye>", "<Delahaye_134>"
"76", "<Toyota_Sienna>", "<Toyota>", "<Toyota_Camry>"
"77", "<Alfa_Romeo_33.2>", "<Pininfarina>", "<Alfa_Romeo_Navajo>"
"78", "<Honda_Civic_Type_R>", "<Honda>", "<Honda_Civic_Si>"
"79", "<Pontiac_Solstice>", "<General_Motors>", "<Opel_GT>"
"80", "<Shelby_GLHS>", "<Chrysler>", "<Dodge_Omni>"
"81", "<Subaru_G>", "<Subaru>", "<Subaru_1000>"
"82", "<Infiniti_QX__56__1>", "<Infiniti>", "<Nissan_Xterra>"
"83", "<Toyota_Crown>", "<Toyota>", "<Lexus_GS>"
"84", "<Perodua_Kelisa>", "<Perodua>", "<Daihatsu_Mira>"
"85", "<SEAT_Tribu>", "<General_Motors>", "<Škoda_Yeti>"
"86", "<Toyota_WISH>", "<Toyota>", "<Toyota_Premio>"
"87", "<Toyota_Land_Cruiser_Prado>", "<General_Motors>", "<Toyota_4Runner>"
"88", "<Lamborghini_Murciélago>", "<Lamborghini>", "<Lamborghini_Reventón>"
"89", "<Citroën_C3_Picasso>", "<Citroën>", "<Citroën_C3>"
"90", "<Alfa_Romeo_Brera>", "<Alfa_Romeo>", "<Alfa_Romeo_159>"
"91", "<Toyota_Corona>", "<Toyota>", "<Toyota_Carina>"
"92", "<Fiat_131>", "<Fiat>", "<Tofaş_Şahin>"
"93", "<Triumph_Herald>", "<Triumph_Motor_Company>", "<Triumph_Vitesse>"
"94", "<Volkswagen_Polo_Mk5>", "<Volkswagen>", "<SEAT_Ibiza>"
"95", "<TVR_Griffith>", "<General_Motors>", "<Melling_Wildcat>"
"96", "<Nissan_Crew>", "<Nissan_Motor_Company>", "<Nissan_Cedric_Y31>"
"97", "<Honda_Vamos>", "<General_Motors>", "<Honda_TN360>"
"98", "<Chevrolet_Orlando>", "<General_Motors>", "<Chevrolet_Cruze>"
"99", "<Buick_Rendezvous>", "<Gen*ral_M*tors>", "<Saturn_Relay>"
"100", "<Perodua_Kancil>", "<Perodua>", "<Daihatsu_Mira>"
"101", "<Fiat_Multipla>", "<Fiat>", "<Brava>"
"102", "<Infiniti_EX>", "<General_Motors>", "<Infiniti_G>"
"103", "<SsangYong_Kyron>", "<General_Motors>", "<SsangYong_Musso>"
"104", "<Alfa_Romeo_MiTo>", "<General_Motors>", "<Fiat_Linea>"
"105", "<Fiat_Idea>", "<Fiat>", "<Fiat_Punto>"
"106", "<TVR_Tamora>", "<TVR>", "<TVR_T350>"
"107", "<Chrysler_200>", "<Chrysler>", "<Dodge_Avenger>"
"108", "<Nissan_Fuga>", "<Nissan_Motor_Company>", "<Nissan_Gloria>"
"109", "<Shelby_CSX>", "<General_Motors>", "<Plymouth_Sundance>"
"110", "<Perodua_Kenari>", "<Perodua>", "<Proton_Juara>"
"111", "<Humber_Pullman>", "<Rootes_Group>", "<Humber_Snipe>"
"112", "<GMC_Envoy>", "<Gen**al_Mo*ors>", "<Oldsmobile_Bravada>"
"113", "<Armstrong_Siddeley_Typhoon>", "<Armstrong_Siddeley>", "<Armstrong_Siddeley_Hurricane>"
"114", "<Volkswagen_Polo_Mk4>", "<Volkswagen>", "<Škoda_Fabia>"
"115", "<Dodge_Caravan>", "<General_Motors>", "<_Country>"
"116", "<TVR_Tuscan_Challenge>", "<TVR>", "<TVR_Sagaris>"
"117", "<Daimler_250>", "<Daimler_Motor_Company>", "<Daimler_Sovereign>"
"118", "<Triumph_Spitfire>", "<General_Motors>", "<Triumph_GT6>"
"119", "<Chrysler_E-Class>", "<Chrysler>", "<Dodge_600>"
"120", "<Jaguar_S-Type>", "<Jaguar_Cars>", "<Ford_Thunderbird>"
"121", "<Opel_Diplomat>", "<General_Motors>", "<Opel_Kapitän>"
"122", "<Eagle_Medallion>", "<Renault>", "<Renault_21>"
"123", "<Renault_Clio>", "<Renault>", "<Nissan_Micra>"
"124", "<Chevrolet_Monte_Carlo>", "<General_Motors>", "<Chevrolet_Lumina>"
"125", "<Volkswagen_Corrado>", "<Karmann>", "<Volkswagen_Jetta>"
"126", "<TVR_Chimaera>", "<TVR>", "<TVR_Griffith>"
"127", "<Pontiac_Astre>", "<General_Motors>", "<Pontiac_Sunbird>"
"128", "<Volkswagen_Polo_Mk3>", "<Volkswagen>", "<Audi_A2>"
"129", "<Nissan_Cedric>", "<General_Motors>", "<Nissan_Cima>"
"130", "<Cadillac_BLS>", "<Saab>", "<Opel_Vectra>"
"131", "<Renault_Koleos>", "<Renault_Samsung_Motors>", "<Nissan_Qashqai>"
"132", "<BMW_321>", "<BMW>", "<BMW_340>"
"133", "<Bentley_Azure>", "<Bentley>", "<Bentley_Brooklands>"
"134", "<Triumph_Fury>", "<Triumph_Motor_Company>", "<Triumph_2000>"
"135", "<Nissan_Gloria>", "<Nissan_Motor_Company>", "<Nissan_Cedric>"
"136", "<Buick_Enclave>", "<Ge*er*l_Mo*ors>", "<GMC_Acadia>"
"137", "<Dodge_Omni>", "<Chrysler>", "<Chrysler_Horizon>"
"138", "<GMC_Syclone>", "<General_Motors>", "<Chevrolet_S-10_Blazer>"
"139", "<Opel_Senator>", "<General_Motors>", "<Opel_Rekord>"
"140", "<Renault_Primastella>", "<Renault>", "<Renault_Vivastella>"
"141", "<Renault_Mégane__III__1>", "<Renault>", "<Renault_Samsung_SM3>"
"142", "<Nissan_Juke>", "<Nissan_Motor_Company>", "<Dacia_Duster>"
"143", "<Volkswagen_New_Beetle>", "<Volkswagen>", "<Audi_A3>"
"144", "<Mitsubishi_Raider>", "<Daimler_AG>", "<Dodge_Dakota>"
"145", "<Ford_LTD_Crown_Victoria>", "<Ford_Motor_Company>", "<Lincoln_Town_Car>"
"146", "<GAZ-69>", "<GAZ>", "<GAZ_46>"
"147", "<Lincoln_LS>", "<Ford_Motor_Company>", "<Jaguar_XF>"
"148", "<Suzuki_Ignis>", "<Suzuki>", "<Suzuki_Kei>"
"149", "<Bentley_T-series>", "<Bentley>", "<Rolls-Royce_Silver_Shadow>"
"150", "<Talbot_Samba>", "<PSA_Peugeot_Citroën>", "<Peugeot_104>"
"151", "<Peugeot_3008>", "<Peugeot>", "<Peugeot_RCZ>"
"152", "<BAV_485>", "<ZiL>", "<ZIL-157>"
"153", "<Holden_Camira>", "<Holden>", "<Opel_Ascona>"
"154", "<Infiniti_M__Y51__1>", "<Infiniti>", "<Infiniti_G>"
"155", "<Cadillac_DTS>", "<General_Motors>", "<Buick_Lucerne>"
"156", "<Alfa_Romeo_33>", "<Alfa_Romeo>", "<Alfa_Romeo_Sprint>"
"157", "<Alfa_Romeo_Matta>", "<General_Motors>", "<Alfa_Romeo_1900>"
"158", "<Mercedes-Benz_W113>", "<Mercedes-Benz>", "<Mercedes-Benz_W108>"
"159", "<Toyota_Fortuner>", "<Toyota>", "<Toyota_Hilux>"
"160", "<Renault_18>", "<Renault>", "<Renault_Fuego>"
"161", "<Pontiac_Grand_Ville>", "<Gene*al_Mo*ors>", "<Oldsmobile_88>"
"162", "<Holden_VT_Commodore>", "<Holden>", "<Holden_Caprice>"
"163", "<Mercury_Milan>", "<Ford_Motor_Company>", "<Lincoln_MKZ>"
"164", "<Nissan_Prairie__Nissan_Prairie__2>", "<Nissan_Motor_Company>", "<Nissan_Bluebird>"
"165", "<Renault_Fluence>", "<Renault>", "<Renault_Mégane>"
"166", "<Daihatsu_Mira_Gino>", "<Daihatsu>", "<Daihatsu_Mira>"
"167", "<Holden_WM_Caprice>", "<General_Motors>", "<HSV_Senator>"
"168", "<Oldsmobile_Achieva>", "<Oldsmobile>", "<Oldsmobile_Cutlass>"
"169", "<Chevrolet_Monza>", "<General_Motors>", "<Pontiac_Astre>"
"170", "<Vauxhall_Viva__uxhall_Viva_HC__1>", "<General_Motors>", "<Vauxhall_Firenza>"
"171", "<Ford_Durango>", "<General_Motors>", "<Ford_Fairmont>"
"172", "<SEAT_850>", "<SEAT>", "<SEAT_133>"
"173", "<Volkswagen_Golf__Mk6_5K__1>", "<Karmann>", "<Volkswagen_Scirocco>"
"174", "<Renault_Mégane__II__1>", "<Pars_Khodro>", "<Nissan_Sentra>"
"175", "<Mercury_Mariner>", "<Ford_Motor_Company>", "<Mazda_Tribute>"
"176", "<Mercedes-Benz_W114>", "<Daimler-Benz>", "<Mercedes-Benz_W116>"
"177", "<Renault_Monastella>", "<Renault>", "<Renault_Vivasix>"
"178", "<Scion_xA>", "<Toyota>", "<Toyota_bB>"
"179", "<Volkswagen_CC>", "<Volkswagen>", "<Volkswagen_Jetta>"
"180", "<Bristol_400>", "<Bristol_Cars>", "<BMW_327>"
"181", "<Citroën_Xantia>", "<Citroën>", "<Peugeot_406>"
"182", "<Buick_Regal__Fourth_generation__1>", "<General_Motors>", "<Chevrolet_Monte_Carlo>"
"183", "<Ferrari_288_GTO>", "<Ferrari>", "<GTS>"
"184", "<Nissan_Prairie__Nissan_Prairie__3>", "<Nissan_Motor_Company>", "<Nissan_Altima>"
"185", "<Peugeot_RCZ>", "<Peugeot>", "<Peugeot_308>"
"186", "<Volkswagen_Eos>", "<Volkswagen>", "<SEAT_León>"
"187", "<Mitsubishi_RVR__Third_generation__1>", "<General_Motors>", "<Mitsubishi_Outlander>"
"188", "<Dodge_Ram_50>", "<Mitsubishi_Motors>", "<Mitsubishi_Triton>"
"189", "<Citroën_BX>", "<Citroën>", "<Peugeot_405>"
"190", "<Saturn_Sky>", "<General_Motors>", "<Pontiac_Solstice>"
"191", "<Hino_Rainbow>", "<Hino_Motors>", "<Isuzu_Gala_Mio>"
"192", "<Buick_Rainier>", "<General_Motors>", "<Isuzu_Ascender>"
"193", "<Dodge_Dart>", "<Chrysler>", "<Plymouth_Valiant>"
"194", "<GTS>", "<Ferrari>", "<Ferrari_GT4>"
"195", "<Fiat_Panorama>", "<General_Motors>", "<Fiat_147>"
"196", "<Ford_C4_transmission>", "<Ford_Motor_Company>", "<Ford_C6_transmission>"
"197", "<Oldsmobile_Cutlass_Ciera>", "<General_Motors>", "<Pontiac_6000>"
"198", "<Jeep_Compass>", "<Chrysler>", "<Jeep_Patriot>"
"199", "<HSV_GTS>", "<Holden_Special_Vehicles>", "<Callaway_Cars>"
"200", "<Nissan_Altima>", "<General_Motors>", "<Nissan_Teana>"
"201", "<International_Durastar>", "<Navistar_International>", "<Ford_F-650>"
"202", "<Dodge_Diplomat>", "<Chrysler>", "<Chrysler_LeBaron>"
"203", "<Lincoln_Navigator>", "<Ford_Motor_Company>", "<Ford_Expedition>"
"204", "<International_3300>", "<Navistar_International>", "<International_Durastar>"
"205", "<AMC_Concord>", "<General_Motors>", "<AMC_Spirit>"
"206", "<Mazda_Taiki>", "<General_Motors>", "<Mazda_Ryuga>"
"207", "<Rolls-Royce_Silver_Shadow>", "<Rolls-Royce_Limited>", "<Rolls-Royce_Camargue>"
"208", "<Alfa_Romeo_Spider>", "<Alfa_Romeo>", "<Alfa_Romeo_Giulia>"
"209", "<Citroën_Berlingo>", "<Citroën>", "<Peugeot_Partner>"
"210", "<Mercedes-Benz_W116>", "<Mercedes-Benz>", "<Mercedes-Benz_R107_and_C107>"
"211", "<Honda_Integra_DC5>", "<Honda>", "<Acura_EL>"
"212", "<Alfa_Romeo_33_Stradale>", "<General_Motors>", "<Alfa_Romeo_Montreal>"
"213", "<Fiat_Stilo>", "<Fiat>", "<Lancia_Delta>"
"214", "<Merkur_Scorpio>", "<General_Motors>", "<Merkur_XR4Ti>"
"215", "<Roewe_750>", "<General_Motors>", "<Rover_75>"
"216", "<Kia_Soul>", "<Kia_Motors>", "<Kia_Venga>"
"217", "<Mitsubishi_Zinger>", "<China_Motor_Corporation>", "<Mitsubishi_Triton>"
"218", "<Jaguar_XF>", "<Jaguar_Cars>", "<Lincoln_LS>"
"219", "<Nissan_Terrano_II>", "<Nissan_Motor_Company>", "<Nissan_Pathfinder>"
"220", "<Mitsubishi_Challenger>", "<Mitsubishi_Motors>", "<Mitsubishi_Triton>"
"221", "<Volkswagen_Lupo>", "<Volkswagen>", "<SEAT_Arosa>"
"222", "<Zastava_Skala>", "<General_Motors>", "<Fiat_128>"
"223", "<Holden_VX_Commodore>", "<Holden>", "<Holden_Special_Vehicles>"
"224", "<_Nova__Fifth_generation__1>", "<NUMMI>", "<Toyota_Corolla>"
"225", "<AMC_Gremlin>", "<American_Motors>", "<AMC_Pacer>"
"226", "<Opel_Signum>", "<Opel>", "<Saturn_Aura>"
"227", "<Ford_Flex>", "<General_Motors>", "<Ford_Taurus_X>"
"228", "<Oldsmobile_Silhouette>", "<*enera*_Moto*s>", "<Pontiac_Montana>"
"229", "<Porsche_911_GT2>", "<Porsche>", "<Porsche_911_GT3>"
"230", "<Subaru_Pleo>", "<Daihatsu>", "<Subaru_R2>"
"231", "<Chrysler_Cirrus>", "<Chrysler>", "<Dodge_Stratus>"
"232", "<SEAT_600>", "<SEAT>", "<Fiat_600>"
"233", "<Buick_Terraza>", "<Gen*ral_M**ors>", "<Saturn_Relay>"
"234", "<Humber_Snipe>", "<Rootes_Group>", "<Humber_Pullman>"
"235", "<Ford_F-650>", "<Ford_Motor_Company>", "<International_Durastar>"
"236", "<Infiniti_M__Y50__1>", "<Infiniti>", "<Nissan_350Z>"
"237", "<Citroën_LNA>", "<General_Motors>", "<Peugeot_104>"
"238", "<Nissan_Armada>", "<General_Motors>", "<Infiniti_QX>"
"239", "<Aston_Martin_DB4_GT_Zagato>", "<Aston_Martin>", "<Aston_Martin_DB4>"
"240", "<Daihatsu_Move>", "<General_Motors>", "<Daihatsu_Mira>"
"241", "<Nissan_Titan>", "<Nissan_Motor_Company>", "<Infiniti_QX>"
"242", "<GAZ-67>", "<GAZ>", "<GAZ-69>"
"243", "<Mazda_Nagare>", "<Mazda>", "<Mazda_Ryuga>"
"244", "<Citroën_2CV>", "<Citroën>", "<Citroën_FAF>"
"245", "<Fiat_Strada>", "<Fiat>", "<Fiat_Doblò>"
"246", "<Willys_Jeep_Truck>", "<Willys>", "<Willys_Jeep_Station_Wagon>"
"247", "<Citroën_C5>", "<General_Motors>", "<Citroën_C6>"
"248", "<TVR_Tuscan_Speed_6>", "<TVR>", "<TVR_Sagaris>"
"249", "<Simca_1307>", "<Chrysler_Europe>", "<Simca_1100>"
"250", "<Hyundai_ix20>", "<General_Motors>", "<Hyundai_i20>"
"251", "<Hyundai_Stellar>", "<Hyundai_Motor_Company>", "<Ford_Cortina>"
"252", "<Peugeot_104>", "<PSA_Peugeot_Citroën>", "<Citroën_Visa>"
"253", "<Toyota_Mark_X_ZiO>", "<General_Motors>", "<Toyota_RAV4>"
"254", "<Alfa_Romeo_Alfasud>", "<Alfa_Romeo>", "<Alfa_Romeo_Sprint>"
"255", "<Aleko>", "<General_Motors>", "<Izh_2126>"
"256", "<Ford_Capri>", "<General_Motors>", "<Ford_Cortina>"
"257", "<Porsche_930>", "<General_Motors>", "<Porsche_964>"
"258", "<Plymouth_Caravelle>", "<Chrysler>", "<Dodge_600>"
"259", "<Alfa_Romeo_GT>", "<Alfa_Romeo>", "<Alfa_Romeo_156>"
"260", "<Nissan_Presea>", "<Nissan_Motor_Company>", "<Nissan_Bluebird>"
"261", "<Renault_Alliance>", "<American_Motors>", "<_11>"
"262", "<Mazda_Furai>", "<General_Motors>", "<Mazda_Ryuga>"
"263", "<AMC_Spirit>", "<American_Motors>", "<AMC_Concord>"
"264", "<Pontiac_G8>", "<Holden>", "<Holden_Ute>"
"265", "<Chrysler_Executive>", "<Chrysler>", "<Dodge_600>"
"266", "<Chrysler_Horizon>", "<General_Motors>", "<Dodge_Rampage>"
"267", "<Mercedes-Benz_W108>", "<Mercedes-Benz>", "<Mercedes-Benz_W111>"
"268", "<Toyota_Belta>", "<Toyota>", "<Toyota_Vitz>"
"269", "<Dodge_600>", "<Chrysler>", "<Chrysler_E-Class>"
"270", "<Edsel_Citation>", "<Ford_Motor_Company>", "<Edsel_Corsair>"
"271", "<Acura_RDX__First_generation__1>", "<Honda>", "<Honda_Civic>"
"272", "<Fiat_Linea>", "<Fiat>", "<Opel_Meriva>"
"273", "<Buick_Velite>", "<Buick>", "<Holden_Commodore>"
"274", "<Lexus_HS>", "<Lexus>", "<Toyota_Avensis>"
"275", "<Ford_Laser>", "<Ford_Motor_Company>", "<Mazda_Familia>"
"276", "<Daewoo_Tacuma>", "<GM_Korea>", "<Daewoo_Nubira>"
"277", "<Plymouth_Acclaim>", "<Chrysler>", "<Dodge_Spirit>"
"278", "<Tofaş_Şahin>", "<Tofaş>", "<SEAT_131>"
"279", "<Hyundai_i10>", "<General_Motors>", "<Kia_Picanto>"
"280", "<Naza_Sutera>", "<General_Motors>", "<Micro_Trend>"
"281", "<Chevrolet_Montana>", "<Chevrolet>", "<Opel_Corsa>"
"282", "<Opel_Sintra>", "<General_Motors>", "<Buick_GL8>"
"283", "<Honda_Z>", "<Honda>", "<Honda_N360>"
"284", "<LDV_Cub>", "<LDV_Group>", "<Nissan_Vanette>"
"285", "<MG_6>", "<MG_Motor>", "<Roewe_550>"
"286", "<Chrysler_Voyager>", "<Daimler_AG>", "<Dodge_Caravan>"
"287", "<Citroën_C2>", "<Citroën>", "<Citroën_C3>"
"288", "<Honda_T360>", "<Honda>", "<Honda_L700>"
"289", "<Vauxhall_Chevette>", "<Vauxhall_Motors>", "<Holden_Gemini>"
"290", "<Jaguar_Mark_2>", "<General_Motors>", "<Daimler_250>"
"291", "<Lincoln_MKS>", "<General_Motors>", "<Ford_Taurus_X>"
"292", "<Oldsmobile_Toronado>", "<General_Motors>", "<Cadillac_Eldorado>"
"293", "<Volkswagen_Golf__Mk7__1>", "<Volkswagen>", "<Audi_A3>"
"294", "<Nissan_Pao>", "<General_Motors>", "<Nissan_Micra>"
"295", "<SEAT_León>", "<SEAT>", "<Volkswagen_Golf_Mk5>"
"296", "<Ford_F-Series_tenth_generation>", "<Ford_Motor_Company>", "<Lincoln_Blackwood>"
"297", "<Porsche_934>", "<Porsche>", "<Porsche_930>"
"298", "<Fiat_600>", "<General_Motors>", "<Zastava_750>"
"299", "<Maserati_Shamal>", "<Maserati>", "<Maserati_Karif>"
"300", "<Dodge_Dynasty>", "<Chrysler>", "<Chrysler_New_Yorker>"
"301", "<Plymouth_Sundance>", "<Chrysler>", "<Plymouth_Duster>"
"302", "<Peugeot_207>", "<Peugeot>", "<Citroën_C3>"
"303", "<Moskvitch_412>", "<AZLK>", "<Moskvitch_408>"
"304", "<Ford_Expedition>", "<Ford_Motor_Company>", "<Ford_F-Series>"
"305", "<MG_ZT>", "<MG_Rover_Group>", "<Rover_75>"
"306", "<Peugeot_5008>", "<Peugeot>", "<Peugeot_308>"
"307", "<Honda_S800>", "<Honda>", "<Honda_L700>"
"308", "<Pontiac_G6>", "<General_Motors>", "<Opel_Signum>"
"309", "<Alfa_Romeo_Alfa_6>", "<Alfa_Romeo>", "<Alfa_Romeo_Alfetta>"
"310", "<Audi_RS_4>", "<Audi>", "<Audi_S4>"
"311", "<Fiat_Tipo>", "<Fiat>", "<Fiat_Coupé>"
"312", "<Vauxhall_Cresta>", "<Vauxhall_Motors>", "<Vauxhall_Velox>"
"313", "<Geely_HQ>", "<General_Motors>", "<Geely_PU>"
"314", "<MG_7>", "<Nanjing_Automobile>", "<Rover_75>"
"315", "<Cadillac_Allanté>", "<General_Motors>", "<Buick_Riviera>"
"316", "<Honda_CR-Z>", "<Honda>", "<Honda_Fit>"
"317", "<Mazda_Kazamai>", "<Mazda>", "<Mazda_Hakaze_Concept>"
"318", "<Aston_Martin_DB4>", "<Aston_Martin>", "<Lagonda_Rapide>"
"319", "<Rover_600_Series>", "<Rover_Group>", "<Honda_Accord>"
"320", "<VAZ-2101>", "<AvtoVAZ>", "<Fiat_124>"
"321", "<Edsel_Roundup>", "<General_Motors>", "<Edsel_Bermuda>"
"322", "<Mitsubishi_Lancer_Evolution>", "<General_Motors>", "<Mitsubishi_Lancer>"
"323", "<Lincoln_MKT>", "<Ford_Motor_Company>", "<Ford_Flex>"
"324", "<Chevrolet_Venture>", "<General**otors>", "<Pontiac_Trans_Sport>"
"325", "<Opel_Kapitän>", "<Opel>", "<Opel_Admiral>"
"326", "<Turbo-Hydramatic_180>", "<General_Motors>", "<Turbo-Hydramatic_125>"
"327", "<Dodge_Omni_024>", "<Chrysler>", "<Dodge_Rampage>"
"328", "<Toyota_T100>", "<Hino_Motors>", "<Toyota_4Runner>"
"329", "<Toyota_Platz>", "<Toyota>", "<Toyota_Vios>"
"330", "<Porsche_911>", "<Porsche>", "<Porsche_912>"
"331", "<Rover_800_Series>", "<Austin_Rover_Group>", "<Honda_Legend>"
"332", "<Mercury_Lynx>", "<General_Motors>", "<Ford_EXP>"
"333", "<Peugeot_206>", "<General_Motors>", "<Citroën_C3>"
"334", "<Citroën_Ami>", "<General_Motors>", "<Citroën_2CV>"
"335", "<GMC_Typhoon>", "<General_Motors>", "<Chevrolet_S-10_Blazer>"
"336", "<Ford_Sierra>", "<Ford_Motor_Company>", "<Ford_Scorpio>"
"337", "<MG_ZS>", "<MG_Rover_Group>", "<_45>"
"338", "<Mazda_Cronos>", "<General_Motors>", "<Mazda_626>"
"339", "<Pontiac_Catalina>", "<General_Motors>", "<Pontiac_Bonneville>"
"340", "<Opel_Admiral>", "<Opel>", "<Opel_Kapitän>"
"341", "<Pontiac_G5>", "<General_Motors>", "<Chevrolet_Cobalt>"
"342", "<Sevel_LAV__Fiat_Fiorino__1>", "<Fiat_Automobiles>", "<Fiat_Grande_Punto>"
"343", "<Holden_VP_Commodore>", "<General_Motors>", "<Holden_VQ_Caprice>"
"344", "<Renault_12>", "<Renault>", "<Dacia_1300>"
"345", "<Citroën_DS>", "<Citroën>", "<Citroën_SM>"
"346", "<Mazda_Navajo>", "<Ford_Motor_Company>", "<Mazda_B-Series>"
"347", "<BMW_503>", "<BMW>", "<BMW_501>"
"348", "<Škoda_Yeti>", "<Škoda_Auto>", "<Audi_Q3>"
"349", "<Infiniti_Q45>", "<General_Motors>", "<Nissan_President>"
"350", "<Renault_Clio__Third_generation__1>", "<General_Motors>", "<Dacia_Logan>"
"351", "<Fiat_Tempra>", "<Tofaş>", "<Alfa_Romeo_145>"
"352", "<Roewe_W5>", "<Roewe>", "<SsangYong_Kyron>"
"353", "<Edsel_Pacer>", "<Ford_Motor_Company>", "<Edsel_Bermuda>"
"354", "<Cadillac_Cimarron>", "<General_Motors>", "<Pontiac_Sunbird>"
"355", "<Renault_6>", "<Renault>", "<Renault_4>"
"356", "<Cadillac_SRX__First_generation__1>", "<General_Motors>", "<Cadillac_CTS>"
"357", "<Chevrolet_Chevelle_Laguna>", "<General_Motors>", "<Pontiac_Grand_Am>"
"358", "<Citroën_Bijou>", "<General_Motors>", "<Citroën_Dyane>"
"359", "<Rover_75>", "<Rover_Group>", "<Roewe_750>"
"360", "<Nissan_Figaro>", "<Nissan_Motor_Company>", "<Nissan_Micra>"
"361", "<Honda_Mobilio>", "<Honda>", "<Honda_Mobilio_Spike>"
"362", "<Ford_Tourneo_Connect>", "<Ford_Motor_Company>", "<Ford_Focus>"
"363", "<Moskvitch_402>", "<AZLK>", "<Moskvitch_410>"
"364", "<Nissan_Primera>", "<Nissan_Motor_Company>", "<Nissan_Almera>"
"365", "<MG_ZR>", "<MG_Rover_Group>", "<_25>"
"366", "<Honda_Ascot__Innova__1>", "<General_Motors>", "<Honda_Accord>"
"367", "<Oldsmobile_Cutlass_Calais>", "<General_Motors>", "<Buick_Somerset>"
"368", "<Simca_Ariane>", "<Simca>", "<Simca_Vedette>"
"369", "<Honda_CR-X>", "<Honda>", "<Honda_Civic>"
"370", "<Aston_Martin_DBS>", "<Aston_Martin>", "<Aston_Martin_V8>"
"371", "<Nissan_NX>", "<Nissan_Motor_Company>", "<Nissan_Sunny>"
"372", "<Chevrolet_Traverse>", "<General_Motors>", "<GMC_Acadia>"
"373", "<Ford_Cortina>", "<Hyundai_Motor_Company>", "<Ford_Capri>"
"374", "<Porsche_959>", "<Porsche>", "<Porsche_911>"
"375", "<Porsche_935>", "<Porsche>", "<Porsche_930>"
"376", "<Renault_Vivasix>", "<Renault>", "<Renault_Vivastella>"
"377", "<Volkswagen_Derby__Mexico__1>", "<General_Motors>", "<SEAT_Córdoba>"
"378", "<Peugeot_406>", "<Peugeot>", "<Citroën_Xantia>"
"379", "<Honda_S360>", "<Honda>", "<Honda_T360>"
"380", "<Toyota_Isis>", "<Kanto_Auto_Works>", "<Toyota_Noah>"
"381", "<Citroën_Xsara>", "<Citroën>", "<Peugeot_306>"
"382", "<Pontiac_Vibe>", "<NUMMI>", "<Toyota_Corolla>"
"383", "<Ferrari_Mondial>", "<General_Motors>", "<Ferrari_328>"
"384", "<Mitsubishi_Proudia>", "<Mitsubishi_Motors>", "<Hyundai_Equus>"
"385", "<Chevrolet_Celebrity>", "<Gen*r*l_Mot*rs>", "<Pontiac_6000>"
"386", "<Fiat_Ritmo>", "<Fiat>", "<Lancia_Prisma>"
"387", "<_25__Rover_25__1>", "<MG_Rover_Group>", "<Rover_Streetwise>"
"388", "<Fiat_850>", "<General_Motors>", "<SEAT_133>"
"389", "<Toyota_Verossa>", "<Kanto_Auto_Works>", "<Toyota_Mark_II>"
"390", "<Toyota_Sprinter>", "<Toyota>", "<Toyota_Tercel>"
"391", "<Buick_Verano>", "<General_Motors>", "<Buick_Excelle_XT>"
"392", "<Toyota_Hilux_Surf>", "<Toyota>", "<Toyota_4Runner>"
"393", "<Ford_Taurus_X>", "<Ford_Motor_Company>", "<Mercury_Sable>"
"394", "<Peugeot_4008>", "<Peugeot>", "<Mitsubishi_RVR>"
"395", "<Volvo_C30>", "<Volvo_Cars>", "<Volvo_S40>"
"396", "<Pontiac_Torrent>", "<General_Motors>", "<Suzuki_XL7>"
"397", "<Dodge_Journey>", "<Chrysler>", "<Chrysler_200>"
"398", "<Mercedes-Benz_190SL>", "<Mercedes-Benz>", "<Mercedes-Benz_300SL>"
"399", "<Volkswagen_Golf_Mk4>", "<General_Motors>", "<SEAT_Toledo>"
"400", "<Cadillac_XTS>", "<General_Motors>", "<Buick_LaCrosse>"
"401", "<Toyota_Allion>", "<Toyota>", "<Toyota_Prius>"
"402", "<Alfa_Romeo_1900>", "<Alfa_Romeo>", "<Alfa_Romeo_Disco_Volante>"
"403", "<Peugeot_405>", "<Peugeot>", "<IKCO_Samand>"
"404", "<Renault_4>", "<Renault>", "<Renault_Rodeo>"
"405", "<Ford_Crown_Victoria>", "<Ford_Motor_Company>", "<Lincoln_Town_Car>"
"406", "<Chevrolet_SSR>", "<General_Motors>", "<GMC_Envoy>"
"407", "<Chevrolet_Trax>", "<General_Motors>", "<Opel_Mokka>"
"408", "<Peugeot_308>", "<General_Motors>", "<Citroën_C4_Picasso>"
"409", "<Lincoln_Town_Car>", "<Ford_Motor_Company>", "<Mercury_Grand_Marquis>"
"410", "<Opel_Calibra>", "<Opel>", "<Saab_9-5>"
"411", "<Alfa_Romeo_8C_Competizione>", "<Alfa_Romeo>", "<Alfa_Romeo_Pandion>"
"412", "<Chevrolet_Caprice__Sixth_generation__1>", "<Holden>", "<Holden_Ute>"
"413", "<Nissan_Note>", "<Nissan_Motor_Company>", "<Renault_Modus>"
"414", "<Saturn_Outlook>", "<General_Motors>", "<Buick_Enclave>"
"415", "<Ford_Fairmont>", "<Ford_Motor_Company>", "<Mercury_Zephyr>"
"416", "<Subaru_Pleo__Subaru_Pleo__1>", "<Daihatsu>", "<Daihatsu_Tanto_Exe>"
"417", "<SEAT_Málaga>", "<General_Motors>", "<SEAT_Ronda>"
"418", "<Hyundai_Genesis_Coupe>", "<General_Motors>", "<Hyundai_Genesis>"
"419", "<_Series_Coupés>", "<General_Motors>", "<Alfa_Romeo_Giulia>"
"420", "<MG_3>", "<MG_Motor>", "<Rover_Streetwise>"
"421", "<Citroën_C4_Picasso>", "<Citroën>", "<Citroën_C4>"
"422", "<Oldsmobile_Alero>", "<General_Motors>", "<Chevrolet_Malibu>"
"423", "<Maserati_GranTurismo>", "<General_Motors>", "<Alfa_Romeo_8C_Competizione>"
"424", "<Mazda_Ryuga>", "<Mazda>", "<Mazda_Nagare>"
"425", "<Honda_TN360>", "<Honda>", "<Honda_N360>"
"426", "<Cruise-O-Matic>", "<Ford_Motor_Company>", "<Ford_C6_transmission>"
"427", "<Lincoln_MKX>", "<General_Motors>", "<Mazda6>"
"428", "<Renault_Modus>", "<General_Motors>", "<Nissan_Micra>"
"429", "<Volkswagen_Golf_Mk3>", "<Volkswagen>", "<Volkswagen_Jetta>"
"430", "<Peugeot_307>", "<Peugeot>", "<Citroën_C4_Picasso>"
"431", "<Chevrolet_Cobalt>", "<*eneral_*oto*s>", "<Chevrolet_HHR>"
"432", "<Citroën_SM>", "<Citroën>", "<Maserati_Quattroporte>"
"433", "<Mazda_CX-9>", "<General_Motors>", "<Lincoln_MKZ>"
"434", "<AMC_Eagle>", "<Chrysler>", "<AMC_Gremlin>"
"435", "<Holden_VY_Commodore>", "<Holden>", "<Holden_Adventra>"
"436", "<Acura_CSX>", "<General_Motors>", "<Honda_CR-V>"
"437", "<GMC_Acadia>", "<General_Motors>", "<Saturn_Outlook>"
"438", "<Acura_ILX>", "<Honda>", "<Honda_CR-V>"
"439", "<Plymouth_Laser>", "<Diamond-Star_Motors>", "<Eagle_Talon>"
"440", "<Honda_N360>", "<Honda>", "<Honda_Life>"
"441", "<Chevrolet_Uplander>", "<General_Motors>", "<Pontiac_Aztek>"
"442", "<Maserati_Bora>", "<Maserati>", "<Maserati_Merak>"
"443", "<Honda_Quint>", "<Honda>", "<Honda_Civic>"
"444", "<Honda_L700>", "<Honda>", "<Honda_S600>"
"445", "<Lincoln_Blackwood>", "<General_Motors>", "<Ford_Expedition>"
"446", "<Volkswagen_Golf_Mk6>", "<Volkswagen>", "<SEAT_León>"
"447", "<Mercedes-Benz_W111>", "<Mercedes-Benz>", "<Mercedes-Benz_W113>"
"448", "<Nissan_Lafesta>", "<Nissan_Motor_Company>", "<Renault_Mégane>"
"449", "<Citroën_Xsara_Picasso>", "<Citroën>", "<Citroën_Xsara>"
"450", "<Citroën_Dyane>", "<General_Motors>", "<Citroën_Bijou>"
"451", "<Ford_Corcel>", "<Ford_do_Brasil>", "<Renault_12>"
"452", "<Mazda_Hakaze_Concept>", "<Mazda>", "<Mazda_Nagare>"
"453", "<Peugeot_306>", "<Peugeot>", "<Citroën_ZX>"
"454", "<Opel_Kadett>", "<Opel>", "<Opel_Olympia>"
"455", "<Turbo-Hydramatic_425>", "<General_Motors>", "<Turbo-Hydramatic_180>"
"456", "<Holden_Monaro>", "<General_Motors>", "<Pontiac_GTO>"
"457", "<Toyota_Cressida>", "<General_Motors>", "<Toyota_Mark_II>"
"458", "<Chrysler_180>", "<Chrysler_Europe>", "<Chrysler_Centura>"
"459", "<Peugeot_Pars__ELX__1>", "<Iran_Khodro>", "<Peugeot_406>"
"460", "<Saab_9000>", "<General_Motors>", "<Lancia_Thema>"
"461", "<Mazda_Tribute>", "<Ford_Motor_Company>", "<Ford_Escape>"
"462", "<Alfa_Romeo_Giulia>", "<Alfa_Romeo>", "<Alfa_Romeo_Gran_Sport_Quattroruote>"
"463", "<Saturn_Curve>", "<Saturn_Corporation>", "<Saturn_Sky>"
"464", "<Mercedes-Benz_W112>", "<Mercedes-Benz>", "<Mercedes-Benz_W113>"
"465", "<Volkswagen_Golf_Mk5>", "<General_Motors>", "<SEAT_Altea>"
"466", "<Peugeot_Partner>", "<Peugeot>", "<Citroën_Berlingo>"
"467", "<Hino_Poncho>", "<Hino_Motors>", "<Hino_Liesse>"
"468", "<Daihatsu_Mira>", "<Daihatsu>", "<Daihatsu_Opti>"
"469", "<Audi_A1>", "<General_Motors>", "<Volkswagen_Polo>"
"470", "<Toyota_ist__oyota_ist__1>", "<General_Motors>", "<Toyota_bB>"
"471", "<ZiS-151>", "<General_Motors>", "<BAV_485>"
"472", "<Mitsubishi_Dignity>", "<Mitsubishi_Motors>", "<Mitsubishi_Proudia>"
"473", "<Edsel_Bermuda>", "<General_Motors>", "<Ford_Country_Squire>"
"474", "<Ford_Aerostar__Second_generation__1>", "<Ford_Motor_Company>", "<Ford_Explorer>"
"475", "<Armstrong_Siddeley_Hurricane>", "<Armstrong_Siddeley>", "<Armstrong_Siddeley_Lancaster>"
"476", "<Chevrolet_Beretta>", "<General_Motors>", "<Pontiac_Tempest>"
"477", "<Alfa_Romeo_155>", "<Alfa_Romeo>", "<Fiat_Tipo>"
"478", "<Dodge_Caliber>", "<General_Motors>", "<Mitsubishi_Lancer>"
"479", "<Ford_EXP>", "<Ford_Motor_Company>", "<Mercury_Topaz>"
"480", "<Citroën_Elysée>", "<Citroën>", "<Citroën_ZX>"
"481", "<Subaru_FF-1_Star>", "<General_Motors>", "<Subaru_G>"
"482", "<Citroën_ZX>", "<General_Motors>", "<Peugeot_306>"
"483", "<Plymouth_Reliant>", "<Chrysler>", "<Dodge_400>"
"484", "<Micro_Trend>", "<Micro_Cars>", "<Hafei_Lobo>"
"485", "<Nissan_Qashqai>", "<General_Motors>", "<Nissan_Sentra>"
"486", "<Chrysler_Pacifica>", "<General_Motors>", "<_Country>"
"487", "<Hino_Contessa__PD_series__1>", "<Hino_Motors>", "<Renault_Dauphine>"
"488", "<Saab_93>", "<Saab>", "<Saab_95>"
"489", "<Daihatsu_Mira_Cocoa>", "<Daihatsu>", "<Suzuki_Alto_Lapin>"
"490", "<Lotus_Carlton>", "<Lotus_Cars>", "<Vauxhall_Carlton>"
"491", "<SEAT_131>", "<SEAT>", "<Fiat_131>"
"492", "<Nissan_Avenir>", "<General_Motors>", "<Nissan_Prairie>"
"493", "<Holden_VN_Commodore>", "<Holden>", "<Opel_Omega>"
"494", "<Toyota_Auris>", "<Toyota>", "<Pontiac_Vibe>"
"495", "<Ferrari_348>", "<Ferrari>", "<Ferrari_Mondial>"
"496", "<Daihatsu_Consorte>", "<General_Motors>", "<Toyota_Publica>"
"497", "<Dodge_400>", "<Chrysler>", "<Plymouth_Reliant>"
"498", "<Peugeot_408>", "<Dongfeng_Peugeot-Citroën_Automobile>", "<Peugeot_308>"
"499", "<Chevrolet_Vega>", "<General_Motors>", "<Oldsmobile_Starfire>"
"500", "<Hino_Briska>", "<Hino_Motors>", "<Hino_Contessa>"
"501", "<SEAT_Ronda>", "<SEAT>", "<SEAT_Málaga>"
"502", "<Aston_Martin_DB9>", "<Aston_Martin>", "<Aston_Martin_Virage>"
"503", "<Geely_MR>", "<Geely>", "<Geely_PU>"
"504", "<Chevrolet_Camaro>", "<Chevrolet>", "<Pontiac_Firebird>"
"505", "<Toyota_Premio>", "<General_Motors>", "<Toyota_Prius>"
"506", "<Saturn_Ion>", "<Saturn_Corporation>", "<Chevrolet_HHR>"
"507", "<Porsche_Boxster>", "<Porsche>", "<Porsche_Cayman>"
"508", "<Porsche_Cayenne>", "<Porsche>", "<Volkswagen_Touareg>"
"509", "<SEAT_Inca>", "<SEAT>", "<Volkswagen_Polo_Playa>"
"510", "<Audi_Q3>", "<General_Motors>", "<Škoda_Yeti>"
"511", "<Fiat_Regata>", "<Fiat>", "<Lancia_Delta>"
"512", "<Toyota_Chaser>", "<General_Motors>", "<Toyota_Cressida>"
"513", "<Holden_Ute>", "<Holden>", "<HSV_Maloo>"
"514", "<Dodge_Shadow>", "<General_Motors>", "<Shelby_CSX>"
"515", "<Volkswagen_Golf_Mk2>", "<Volkswagen>", "<SEAT_Toledo>"
"516", "<Efini_MS-8>", "<Mazda>", "<Mazda_Cronos>"
"517", "<Volkswagen_Golf_Mk1>", "<Volkswagen>", "<Volkswagen_Scirocco>"
"518", "<Fiat_Siena>", "<Fiat>", "<Fiat_Strada>"
"519", "<Opel_Mokka>", "<Opel>", "<Chevrolet_Aveo>"
"520", "<Mercury_Grand_Marquis>", "<General_Motors>", "<Lincoln_Town_Car>"
"521", "<Peugeot_407>", "<Peugeot>", "<Citroën_C5>"
"522", "<Volkswagen_Tiguan>", "<Volkswagen>", "<SEAT_León>"
"523", "<Daihatsu_Naked>", "<Daihatsu>", "<Daihatsu_Mira>"
"524", "<Honda_S600>", "<Honda>", "<Honda_L700>"
"525", "<Shanghai-Volkswagen_Lavida>", "<Volkswagen>", "<SEAT_León>"
"526", "<Volkswagen_Citi_Golf>", "<Volkswagen>", "<Volkswagen_Golf_Mk1>"
"527", "<Alfa_Romeo_164>", "<Alfa_Romeo>", "<Lancia_Thema>"
"528", "<Hino_Liesse>", "<Hino_Motors>", "<Isuzu_Journey>"
"529", "<Ford_Five_Hundred>", "<Ford_Motor_Company>", "<Volvo_S80>"
"530", "<Saturn_L-Series>", "<Saturn_Corporation>", "<Opel_Vectra>"
"531", "<Willys_Jeep_Station_Wagon>", "<Willys>", "<Willys-Overland_Jeepster>"
"532", "<Nissan_350Z>", "<General_Motors>", "<Infiniti_G>"
"533", "<Armstrong_Siddeley_Lancaster>", "<Armstrong_Siddeley>", "<Armstrong_Siddeley_Typhoon>"
"534", "<Chevrolet_Chevette>", "<General_Motors>", "<Isuzu_Gemini>"
"535", "<Porsche_Carrera_GT>", "<Porsche>", "<Porsche_918>"
"536", "<Alfa_Romeo_Visconti>", "<Alfa_Romeo>", "<Alfa_Romeo_159>"
"537", "<TVR_T350>", "<TVR>", "<TVR_Sagaris>"
"538", "<Toyota_Mark_X__Second_generation__1>", "<Toyota>", "<Lexus_GS>"
"539", "<Daihatsu_Esse>", "<Daihatsu>", "<Daihatsu_Tanto>"
"540", "<SEAT_1430>", "<SEAT>", "<SEAT_124>"
"541", "<Cadillac_STS>", "<General_Motors>", "<Cadillac_SRX>"
"542", "<Toyota_ist>", "<Kanto_Auto_Works>", "<Toyota_bB>"
"543", "<Delahaye_175>", "<Delahaye>", "<Delahaye_135>"
"544", "<Simca_Profissional>", "<Simca_do_Brasil>", "<Ford_Vedette>"
"545", "<Citroën_Méhari>", "<Citroën>", "<Citroën_Bijou>"
"546", "<Ford_Edge>", "<Ford_Motor_Company>", "<Mazda6>"
"547", "<Nissan_Skyline_GT-R>", "<General_Motors>", "<Nissan_Skyline>"
"548", "<Rover_Streetwise>", "<General_Motors>", "<_25>"
"549", "<BMW_326>", "<BMW>", "<BMW_327>"
"550", "<Renault_Juvaquatre>", "<Renault>", "<Opel_Olympia>"
"551", "<Citroën_C3__Second_generation__1>", "<Citroën>", "<Peugeot_207>"
"552", "<Polski_Fiat_125p>", "<Fabryka_Samochodów_Osobowych>", "<Fiat_125>"
"553", "<Alfa_Romeo_147>", "<Alfa_Romeo>", "<Alfa_Romeo_GT>"
"554", "<Vauxhall_Magnum>", "<Vauxhall_Motors>", "<Vauxhall_Viva>"
"555", "<Holden_VQ_Caprice>", "<Holden>", "<Holden_VN_Commodore>"
"556", "<Infiniti_M__Y34__1>", "<Infiniti>", "<Nissan_Gloria>"
"557", "<Lada_Riva>", "<AvtoVAZ>", "<Fiat_124>"
"558", "<Alfa_Romeo_2000_Sportiva>", "<General_Motors>", "<Alfa_Romeo_Disco_Volante>"
"559", "<Toyota_Publica>", "<Toyota>", "<Toyota_Sports_800>"
"560", "<Audi_Q5>", "<Audi>", "<Audi_S4>"
"561", "<SEAT_124>", "<SEAT>", "<VAZ-2101>"
"562", "<Shelby_Charger>", "<Carroll_Shelby>", "<Dodge_Omni>"
"563", "<Lamborghini_Miura_concept>", "<General_Motors>", "<Lamborghini_Miura>"
"564", "<Saturn_Aura>", "<General_Motors>", "<Pontiac_G6>"
"565", "<Isuzu_Erga_Mio>", "<Isuzu_Motors>", "<Hino_Rainbow>"
"566", "<Honda_Civic>", "<General_Motors>", "<Honda_City>"
"567", "<Isuzu_i-Series>", "<Ge*e*al_*otors>", "<Chevrolet_Colorado>"
"568", "<Daihatsu_Sonica>", "<Daihatsu>", "<Daihatsu_Copen>"
"569", "<HSV_W427>", "<Holden_Special_Vehicles>", "<Holden_VE_Commodore>"
"570", "<Dacia_Duster>", "<Automobile_Dacia>", "<Dacia_Sandero>"
"571", "<Toyota_Venza>", "<General_Motors>", "<Lexus_ES>"
"572", "<Daihatsu_Tanto>", "<Daihatsu>", "<Daihatsu_Sonica>"
"573", "<Toyota_Mark_II>", "<Toyota>", "<Toyota_Verossa>"
"574", "<Toyota_4Runner__Toyota_4Runner__1>", "<Toyota>", "<Lexus_GX>"
"575", "<Bentley_Continental_R>", "<General_Motors>", "<Bentley_Azure>"
"576", "<Rolls-Royce_Silver_Wraith>", "<Rolls-Royce_Limited>", "<Rolls-Royce_Silver_Dawn>"
"577", "<Chevrolet_Cobalt_SS>", "<General_Motors>", "<Chevrolet_HHR>"
"578", "<BMW_315>", "<BMW>", "<BMW_303>"
"579", "<Kia_Picanto__Kia_Picanto__1>", "<Kia_Motors>", "<Hyundai_Getz>"
"580", "<BMW_327>", "<BMW>", "<BMW_326>"
"581", "<Toyota_FJ_Cruiser>", "<Toyota>", "<Toyota_4Runner>"
"582", "<International_XT>", "<Navistar_International>", "<International_Durastar>"
"583", "<Chrysler_Neon>", "<Chrysler>", "<Dodge_SRT-4>"
"584", "<Ford_Kuga>", "<Ford_Motor_Company>", "<Mazda3>"
"585", "<Lancia_Prisma>", "<Lancia>", "<Fiat_Regata>"
"586", "<Perodua_Rusa>", "<General_Motors>", "<Daihatsu_Hijet>"
"587", "<Izh_Comby>", "<Izhmash>", "<Moskvitch_408>"
"588", "<Fiat_128>", "<Fiat>", "<Autobianchi_A111>"
"589", "<Cadillac_ELR>", "<Cadillac>", "<Chevrolet_Cruze>"
"590", "<Honda_Element>", "<Honda>", "<Honda_Integra_DC5>"
"591", "<Audi_Q7>", "<Audi>", "<Volkswagen_Touareg>"
"592", "<Mercury_Turnpike_Cruiser>", "<Ford_Motor_Company>", "<Mercury_Montclair>"
"593", "<Nissan_Teana>", "<Nissan_Motor_Company>", "<Nissan_Maxima>"
"594", "<Ford_Transit_Connect>", "<Ford_Motor_Company>", "<Ford_Tourneo_Connect>"
"595", "<Kia_Picanto__Kia_Picanto__2>", "<Kia_Motors>", "<Hyundai_Getz>"
"596", "<BMW_328>", "<General_Motors>", "<BMW_326>"
"597", "<Maserati_Racing>", "<Maserati>", "<Maserati_Biturbo>"
"598", "<Citroën_FAF>", "<Citroën>", "<Citroën_Méhari>"
"599", "<Aston_Martin_Vanquish>", "<Aston_Martin>", "<Aston_Martin_Vantage>"
"600", "<Ferrari_328>", "<Ferrari>", "<Ferrari_Mondial>"
"601", "<Fiat_Marea>", "<General_Motors>", "<Fiat_Multipla>"
"602", "<Alfa_Romeo_145>", "<Alfa_Romeo>", "<Fiat_Tipo>"
"603", "<Ford_Excursion>", "<Ford_Motor_Company>", "<Ford_Super_Duty>"
"604", "<Suzuki_Wagon_R>", "<General_Motors>", "<Changhe>"
"605", "<Citroën_Fukang>", "<Dongfeng_Peugeot-Citroën_Automobile>", "<Citroën_ZX>"
"606", "<Honda_CR-X_del_Sol>", "<Honda>", "<Honda_Integra>"
"607", "<Aston_Martin_DP214>", "<Aston_Martin>", "<Aston_Martin_DB4_GT_Zagato>"
"608", "<Toyota_Vios>", "<Toyota>", "<Toyota_Vitz>"
"609", "<Datsun_510>", "<Nissan_Motor_Company>", "<Nissan_Skyline>"
"610", "<Buick_Reatta>", "<*eneral_Mot**s>", "<Cadillac_Allanté>"
"611", "<Lancia_Dedra>", "<General_Motors>", "<Alfa_Romeo_155>"
"612", "<Opel_Omega>", "<Opel>", "<Opel_Senator>"
"613", "<SEAT_Arosa>", "<SEAT>", "<Volkswagen_Lupo>"
"614", "<Toyota_Matrix>", "<General_Motors>", "<Lexus_CT>"
"615", "<TechArt_997_Turbo>", "<General_Motors>", "<Porsche_997>"
"616", "<Fiat_125>", "<General_Motors>", "<FSO_Polonez>"
"617", "<Cadillac_Catera>", "<General_Motors>", "<Holden_Commodore>"
"618", "<Rolls-Royce_Silver_Dawn>", "<Rolls-Royce_Limited>", "<Bentley_Mark_VI>"
"619", "<Renault_Monasix>", "<Renault>", "<Renault_Monastella>"
"620", "<Fiat_Grande_Punto>", "<Fiat>", "<Opel_Corsa>"
"621", "<Peugeot_508>", "<Peugeot>", "<Citroën_C5>"
"622", "<Chrysler_Valiant>", "<Mitsubishi_Motors_Australia>", "<Chrysler_VIP>"
"623", "<Honda_Civic_Si>", "<Honda>", "<Honda_Civic>"
"624", "<Nissan_Rogue>", "<General_Motors>", "<Nissan_X-Trail>"
"625", "<Volkswagen_Caddy__Second_generation__1>", "<Volkswagen>", "<SEAT_Ibiza>"
"626", "<Isuzu_Ascender>", "<General_Motors>", "<Chevrolet_SSR>"
"627", "<Honda_HR-V>", "<Honda>", "<Honda_Logo>"
"628", "<SEAT_Altea>", "<General_Motors>", "<Volkswagen_Golf>"
"629", "<Saab_95>", "<Saab>", "<Saab_96>"
"630", "<GMC_Terrain>", "<CAMI_Automotive>", "<Chevrolet_Equinox>"
"631", "<Daihatsu_Tanto_Exe>", "<Daihatsu>", "<Daihatsu_Mira_Cocoa>"
"632", "<Alfa_Romeo_156>", "<General_Motors>", "<Alfa_Romeo_GT>"
"633", "<Vauxhall_Wyvern>", "<Vauxhall_Motors>", "<Vauxhall_Velox>"
"634", "<Holden_VZ_Commodore>", "<Holden>", "<Holden_Ute>"
"635", "<Daewoo_Maepsy>", "<GM_Korea>", "<Isuzu_Gemini>"
"636", "<Chevrolet_Corsica>", "<General_Motors>", "<Chevrolet_Beretta>"
0, 636
1, 181
1, 403
2, 98
2, 431
3, 169
3, 499
4, 269
4, 277
4, 483
7, 231
10, 105
11, 287
14, 197
14, 385
16, 627
17, 566
17, 590
18, 195
20, 43
20, 446
20, 465
20, 522
20, 560
22, 245
22, 518
23, 58
24, 354
25, 374
26, 212
27, 5
27, 326
28, 321
28, 353
28, 473
29, 368
30, 163
30, 427
30, 546
31, 604
32, 13
33, 320
33, 561
37, 361
38, 410
38, 530
39, 200
41, 468
43, 295
43, 465
43, 628
44, 378
46, 69
46, 123
46, 428
46, 570
47, 303
48, 322
49, 418
53, 460
55, 54
57, 99
57, 233
57, 324
57, 441
58, 148
59, 586
60, 442
61, 254
63, 541
64, 216
64, 250
65, 111
65, 234
66, 338
66, 373
67, 198
67, 478
68, 367
69, 46
69, 123
69, 413
69, 570
70, 347
71, 103
72, 281
73, 531
74, 294
75, 543
77, 212
79, 190
81, 481
82, 238
82, 241
85, 510
85, 522
86, 401
89, 302
91, 505
92, 491
94, 469
95, 126
97, 440
98, 276
98, 391
99, 42
99, 233
99, 441
101, 601
102, 34
103, 71
103, 352
104, 620
105, 10
107, 397
108, 129
109, 514
110, 23
110, 240
112, 192
112, 406
112, 626
113, 533
114, 8
115, 52
115, 286
117, 290
118, 93
119, 258
120, 147
120, 218
121, 340
122, 160
127, 169
127, 499
128, 8
128, 221
128, 613
129, 96
129, 135
130, 226
130, 564
131, 624
132, 549
133, 575
134, 118
135, 96
136, 192
136, 233
136, 372
136, 414
137, 80
137, 327
137, 514
138, 335
139, 612
140, 376
141, 131
141, 165
141, 448
141, 485
141, 624
142, 413
143, 295
143, 399
145, 520
146, 242
147, 120
150, 237
151, 209
151, 306
151, 408
151, 421
151, 430
151, 466
152, 471
153, 169
154, 34
154, 102
154, 532
158, 398
158, 464
159, 9
160, 122
161, 339
162, 456
162, 612
162, 617
163, 427
163, 433
163, 546
164, 492
166, 240
166, 539
167, 51
170, 289
170, 554
172, 388
173, 295
173, 628
174, 448
174, 485
174, 624
177, 619
178, 329
182, 36
184, 492
186, 465
187, 394
187, 478
188, 144
191, 528
191, 565
192, 112
192, 406
193, 622
194, 183
194, 383
197, 385
198, 478
201, 204
201, 582
202, 193
202, 258
205, 225
205, 434
206, 243
206, 262
206, 452
207, 149
210, 176
211, 436
211, 566
211, 590
214, 336
215, 305
215, 314
217, 220
218, 120
223, 456
223, 513
223, 612
223, 617
224, 390
225, 62
225, 205
225, 263
225, 434
227, 291
227, 323
228, 282
228, 324
229, 330
230, 631
231, 7
233, 42
233, 99
233, 324
233, 441
235, 582
236, 102
237, 150
238, 241
243, 206
243, 262
243, 452
244, 334
244, 358
244, 450
244, 545
245, 18
245, 22
245, 518
246, 73
247, 521
247, 621
248, 116
249, 266
250, 216
252, 150
252, 237
253, 274
253, 571
254, 156
255, 249
257, 297
257, 330
257, 374
257, 375
259, 553
260, 364
260, 371
262, 206
262, 452
263, 434
264, 167
265, 119
265, 258
265, 497
266, 137
266, 249
266, 327
267, 158
269, 4
269, 258
270, 592
271, 590
272, 104
272, 620
273, 264
273, 504
274, 401
275, 256
277, 483
282, 228
282, 324
284, 6
285, 337
286, 52
287, 11
287, 333
288, 379
288, 524
289, 454
289, 534
291, 227
291, 323
293, 295
294, 74
294, 360
295, 628
296, 203
296, 304
297, 330
297, 375
298, 232
299, 597
300, 269
301, 109
301, 514
302, 89
303, 47
304, 203
304, 603
305, 215
305, 314
305, 331
306, 151
306, 421
306, 430
308, 130
308, 564
311, 351
311, 477
311, 602
311, 611
312, 633
313, 503
314, 215
314, 305
315, 292
315, 610
317, 206
317, 243
317, 262
317, 424
318, 239
321, 28
321, 353
322, 48
323, 291
324, 228
324, 282
325, 121
326, 27
326, 455
327, 137
328, 87
328, 392
330, 229
330, 374
330, 507
330, 535
333, 11
333, 287
334, 358
334, 450
334, 545
334, 598
335, 138
336, 373
338, 66
338, 516
340, 121
341, 2
341, 506
342, 272
343, 139
343, 513
343, 612
344, 451
348, 85
348, 522
350, 46
350, 428
351, 311
351, 477
351, 611
353, 28
353, 321
354, 24
356, 541
357, 124
358, 244
358, 334
358, 545
358, 598
359, 305
359, 314
359, 319
360, 74
360, 294
362, 594
363, 303
365, 420
365, 548
366, 319
367, 24
369, 211
369, 316
372, 136
372, 414
372, 441
373, 251
373, 336
375, 297
377, 128
377, 221
377, 613
380, 35
380, 86
382, 494
383, 194
383, 495
384, 472
385, 197
385, 476
386, 417
386, 501
386, 511
387, 365
387, 420
388, 172
389, 512
391, 98
392, 87
392, 581
393, 227
393, 529
394, 478
396, 21
397, 101
399, 143
399, 295
400, 155
401, 86
401, 505
402, 157
403, 1
403, 189
404, 355
405, 520
406, 192
406, 626
408, 151
408, 185
408, 209
408, 306
408, 466
408, 498
409, 323
409, 405
410, 530
410, 612
411, 423
412, 264
414, 372
414, 437
415, 171
416, 468
417, 386
417, 511
422, 168
424, 206
424, 262
424, 452
425, 97
426, 196
427, 163
427, 433
427, 546
428, 123
428, 413
429, 143
429, 515
430, 151
430, 408
431, 341
431, 506
432, 60
432, 345
433, 163
433, 546
434, 62
434, 205
434, 263
435, 456
435, 513
436, 211
436, 590
437, 136
437, 372
438, 211
440, 97
440, 283
440, 425
441, 57
441, 99
441, 233
444, 288
444, 307
445, 203
446, 43
446, 179
446, 186
446, 522
446, 628
447, 464
448, 593
449, 89
450, 244
450, 334
450, 545
450, 598
452, 206
452, 262
452, 424
453, 381
455, 27
457, 512
458, 622
459, 181
460, 527
461, 175
462, 208
462, 419
463, 79
464, 447
465, 43
465, 179
465, 186
465, 295
465, 522
468, 41
468, 84
468, 100
468, 166
468, 240
470, 329
470, 542
473, 28
473, 321
473, 353
474, 346
475, 113
476, 636
477, 351
477, 602
477, 611
478, 67
478, 198
479, 332
480, 381
482, 480
484, 280
485, 131
485, 219
485, 624
486, 115
486, 286
487, 500
489, 468
490, 612
491, 278
492, 364
493, 139
493, 555
494, 614
499, 127
499, 169
501, 295
502, 40
503, 313
505, 86
505, 401
506, 341
506, 431
508, 591
509, 8
510, 85
510, 522
511, 92
511, 386
511, 417
511, 585
512, 573
514, 261
514, 301
515, 125
517, 526
518, 22
519, 407
520, 405
522, 85
522, 186
522, 348
522, 465
522, 510
522, 628
523, 240
525, 399
527, 309
527, 460
528, 467
529, 393
531, 246
533, 475
534, 289
534, 454
536, 90
537, 79
537, 106
538, 83
539, 240
539, 468
539, 568
542, 178
542, 329
544, 29
545, 244
545, 334
545, 450
545, 598
546, 163
546, 427
546, 433
548, 420
549, 596
550, 404
551, 89
553, 632
555, 139
555, 513
555, 612
556, 349
558, 402
559, 496
560, 310
561, 33
561, 540
561, 557
562, 80
562, 109
563, 88
564, 130
564, 226
566, 19
566, 50
566, 78
566, 436
566, 438
566, 440
566, 443
566, 623
567, 56
568, 240
568, 468
568, 572
569, 199
570, 69
570, 142
571, 76
571, 253
572, 240
572, 468
572, 539
573, 457
573, 512
574, 87
574, 581
577, 341
577, 506
578, 596
579, 279
580, 180
580, 596
581, 87
583, 301
583, 439
583, 514
584, 395
585, 386
587, 47
588, 12
588, 222
589, 98
589, 391
590, 566
591, 508
593, 45
593, 200
595, 279
597, 299
598, 244
598, 334
598, 358
598, 450
599, 370
599, 502
600, 194
601, 213
605, 480
606, 566
607, 318
608, 268
608, 329
609, 547
610, 292
611, 311
611, 351
612, 15
612, 617
614, 382
614, 494
615, 330
616, 33
616, 552
617, 612
618, 576
620, 92
620, 104
620, 272
624, 131
624, 485
625, 128
625, 509
626, 112
626, 192
626, 630
628, 43
628, 295
628, 465
629, 488
631, 230
631, 240
631, 468
631, 539
631, 568
632, 553
633, 312
634, 456
635, 454